{
  "training_date": "2025-12-27T08:42:16.994284",
  "total_samples": 2191,
  "fire_incidents": 107,
  "epochs_trained": 10,
  "final_loss": 0.03248954191803932,
  "final_val_loss": 0.03215327113866806,
  "final_mae": 0.152640700340271,
  "final_val_mae": 0.15206849575042725,
  "loss_history": [
    0.034460484981536865,
    0.032761622220277786,
    0.032705605030059814,
    0.03266364336013794,
    0.03264177218079567,
    0.03260429948568344,
    0.032590705901384354,
    0.0324956476688385,
    0.03249387443065643,
    0.03248954191803932
  ],
  "val_loss_history": [
    0.03240516036748886,
    0.03236617520451546,
    0.032397422939538956,
    0.0322483591735363,
    0.03225395083427429,
    0.032226622104644775,
    0.03222770616412163,
    0.03215281292796135,
    0.032149579375982285,
    0.03215327113866806
  ],
  "model_accuracy": 84.79315042495728
}